booth,name,id,linkedinID,empId,All,AM,BME,ChE,CmpE,CS,Econ,EE,EnvE,IE,MaDE,MBP,ME,MEM,MMM,MPDD,MPM,MatSE,MSEDI,MSIT,TAM,UND,CE,ISP,MIES,MSiA,MSR,AP47,3Red,3red,3red-trading,1551,0,1,0,0,0,1,0,1,0,1,0,0,1,0,0,0,0,0,0,0,1,0,0,0,1,0,0,03,ACCENTURE,accenture,accenture,49,0,1,1,1,1,1,1,1,1,1,1,0,1,1,0,0,0,1,1,1,0,0,1,0,0,1,0,011,Alcatel-Lucent,alcatel-lucent,alcatel-lucent,373,0,0,0,0,1,1,0,1,0,0,0,0,0,0,0,0,0,0,0,0,0,0,0,0,0,0,0,012,ALLSTATE INSURANCE COMPANY,allstate,allstate,396,0,0,0,0,0,0,0,0,0,1,0,0,0,0,0,0,0,0,0,0,0,0,0,0,0,0,0,035,Altec Industries Inc.,altec,altec,1058,0,0,0,0,0,0,0,1,0,1,0,0,1,0,0,0,0,0,0,0,0,0,0,0,0,0,0,02,AMCOR FLEXIBLES,amcor-flexibles,amcor-flexibles,43,0,0,0,1,0,0,0,1,0,1,1,0,1,0,0,0,0,1,0,0,0,0,0,0,0,0,0,028,ASAHI KASEI BIOPROCESS INCORPORATED,ak-bio,asahi-kasei-bioprocess,939,0,0,1,1,0,0,0,0,0,0,0,0,1,0,0,0,0,0,0,0,0,0,0,0,0,0,0,046,AT&T,at-t,at&t,1530,0,0,0,0,0,0,0,0,0,0,0,0,0,0,0,0,0,0,0,0,0,0,0,0,0,0,0,023,BEGHOU CONSULTING,beghou-consulting,beghou-consulting,683,0,1,1,1,1,1,1,1,1,1,1,0,1,0,0,0,0,1,0,0,0,1,1,0,0,0,0,014,The Boeing Company,boeing,boeing,480,0,0,0,0,0,0,0,1,0,1,1,0,1,0,0,0,0,0,0,0,0,0,0,0,0,0,0,037,CareFusion,carefusion,carefusion,1088,0,0,0,0,0,0,0,0,0,0,1,0,1,0,0,0,0,1,0,0,0,0,0,0,0,0,0,038,Chicago Bridge & Iron (CB&I),cbi,cb&i,1160,0,1,1,1,1,1,1,1,1,1,1,1,1,1,1,1,1,1,1,1,1,0,1,1,1,0,0,031,CME Group,cme,cme-group,1026,0,0,0,0,1,1,1,0,0,0,0,0,0,0,0,0,0,0,0,0,0,0,0,0,0,0,0,041,Continental,continental,continental,1275,0,0,0,0,1,1,0,1,0,0,1,0,1,1,0,1,0,1,1,0,0,0,0,0,0,0,0,045,DENSO International America,denso,denso,1480,0,0,0,0,1,0,0,1,0,0,0,0,1,0,0,0,0,0,0,0,0,0,0,0,0,0,0,036,DMC Inc.,dmc-inc,dmc-engineering,1087,0,0,0,0,1,1,0,1,0,0,0,0,1,0,0,0,0,0,0,0,0,0,0,0,0,0,0,04,DSC LOGISTICS,dsc-logistics,dsc-logistics,92,0,0,0,0,0,0,0,0,0,1,0,0,0,0,0,0,0,0,0,0,0,0,0,0,0,0,0,019,ECHO GLOBAL LOGISTICS,echo,echo-global-logistics,623,0,0,0,0,0,1,0,0,0,0,0,0,0,0,0,0,0,0,0,0,0,0,0,0,0,0,0,05,Engineering Consulting Services (ECS),ecs,ecs-limited,96,0,0,0,0,0,0,0,0,1,0,0,0,0,0,0,0,0,0,0,0,0,0,1,0,0,0,0,026,EPIC,epic,epic_163658,852,0,0,0,0,0,1,0,0,0,0,0,0,0,0,0,0,0,0,0,0,0,0,0,0,0,0,0,015,ETHICON ENDO-SURGERY JOHNSON & JOHNSON,ethicon,ethicon-endo-surgery,517,0,0,1,1,0,0,0,0,0,1,1,0,1,0,0,0,0,0,0,0,0,0,0,0,0,0,0,021,Fresenius Kabi,fresenius-kabi,fresenius-kabi-usa,632,0,0,1,1,0,0,0,1,0,0,0,0,1,0,0,0,0,0,0,0,0,0,0,0,0,0,0,09,GE AVIATION,ge-aviation,geaviation,330,0,0,0,1,0,0,0,1,0,0,0,0,1,0,0,0,0,1,0,0,0,0,0,0,0,0,0,01,Goodyear Tire & Rubber Company,goodyear,goodyear,6,0,0,0,1,0,1,0,1,0,1,0,0,1,0,0,0,0,1,0,0,0,0,0,0,0,0,0,042,Hanley Flight & Zimmerman LLC,hfz,hanley-flight-&-zimmerman,1305,0,0,0,0,1,1,0,1,0,0,0,0,1,0,0,0,0,0,0,0,0,0,0,0,0,0,0,054,HBK Engineering LLC,hbk,hbk-engineering-llc,1879,1,0,0,0,0,0,0,0,0,0,0,0,0,0,0,0,0,0,0,0,0,0,0,0,0,0,0,010,HUSCO INTERNATIONAL,husco-intl,husco-international,332,0,0,0,0,0,0,0,0,0,1,1,0,1,0,0,0,0,0,0,0,0,0,0,0,0,0,0,08,HYDRA FORCE INC.,hydra-force,hydraforce-inc.,311,0,0,0,0,0,0,0,1,0,1,1,0,1,0,0,0,0,0,0,0,0,0,0,0,0,0,0,025,IMC Financial Markets,imc,imc-financial-markets-asset-management,771,0,1,0,0,1,1,0,1,0,0,0,0,0,0,0,0,0,0,0,0,0,0,0,0,0,0,0,034,Kemin Industries,kemin,kemin-industries,1057,0,0,0,1,0,0,0,0,0,0,0,1,0,0,0,0,0,0,0,0,0,0,0,0,0,0,0,051,Keurig Green Mountain Coffee Roasters,kgm,keurig-incorporated,1628,1,0,0,0,0,0,0,0,0,0,0,0,0,0,0,0,0,0,0,0,0,0,0,0,0,0,0,016,Kiewit Corporation,kiewit,kiewit,525,0,0,0,0,0,0,0,1,1,1,0,0,1,1,1,0,1,0,0,0,0,0,1,0,0,0,0,062,Lake Region Medical,lake-region,lake-region,1944,0,0,0,0,0,0,0,1,0,0,1,0,1,0,0,0,0,0,0,0,0,0,0,0,0,0,0,060,McKesson U.S. Pharmaceutical,mckesson-pharm,mckesson,1912,0,0,0,0,0,0,0,0,0,1,0,0,1,1,0,0,1,0,0,0,0,0,0,0,0,0,0,013,McMaster-Carr,mcmaster-carr,mcmaster-carr,473,0,0,0,0,0,0,0,0,0,0,0,0,0,0,0,0,0,0,0,0,0,0,0,0,0,0,0,07,MEDTRONIC INC.,medtronic,medtronic,185,0,0,1,0,0,1,0,1,0,0,0,0,1,0,0,0,0,0,0,0,0,0,0,0,0,0,0,059,Michigan Economic Development Corporation,medc,michigan-economic-development-corporation,1906,1,0,0,0,0,0,0,0,0,0,0,0,0,0,0,0,0,0,0,0,0,0,0,0,0,0,0,057,Microlution Inc.,microlution-inc,microlution-inc,1902,0,0,0,0,1,1,0,1,0,0,1,0,1,0,0,0,0,0,0,0,0,0,0,0,0,0,0,049,Motorola Mobility,motorola-mobility,motorola-mobility,1591,0,0,0,0,1,1,0,1,0,0,0,0,1,0,0,0,0,0,0,0,0,0,0,0,0,0,0,048,Northwestern Mutual,nw-mutual,northwestern-mutual,1575,0,0,0,0,0,1,0,0,0,0,0,0,0,0,0,0,0,0,0,1,0,0,0,0,0,0,0,056,Oak Ridge National Laboratory,ornl,oak-ridge-national-laboratory,1898,0,1,0,1,1,1,0,1,1,0,1,1,1,0,0,0,0,1,0,0,0,0,1,0,0,0,1,120,OSISOFT,osisoft,osisoft,625,0,1,0,1,0,1,0,1,0,1,0,0,1,0,0,0,0,0,0,0,0,0,0,0,1,0,0,017,PEC North America,pec,pec,568,0,0,0,0,0,0,0,1,0,1,0,0,1,0,0,0,0,0,0,0,0,0,0,0,0,0,0,018,PEPSICO,pepsico,pepsico,572,0,1,0,0,1,1,0,0,0,1,0,0,0,0,0,0,0,0,0,0,0,0,0,0,0,0,0,030,PROS,pros,pros,998,0,0,0,0,1,1,0,0,0,0,0,0,0,0,0,0,0,0,0,0,0,0,0,0,0,0,0,06,SABIC INNOVATIVE PLASTICS,sabic-ip,sabic,172,0,0,0,1,0,0,0,0,1,0,0,0,1,0,0,0,0,0,0,0,0,0,0,0,0,0,0,032,Sage Clarity,sage-clarity,sage-clarity,1042,0,1,1,1,1,1,1,1,1,1,1,1,1,1,1,1,1,1,1,1,1,1,1,1,0,0,0,058,Saint-Gobain,saint-gobain,saint-gobain,1905,0,0,0,1,0,0,0,0,0,0,1,0,1,0,0,0,0,1,0,0,0,0,0,0,0,0,0,061,Samtec,samtec,samtec-inc,1926,0,0,0,0,0,0,0,1,0,1,0,0,1,0,0,0,0,0,0,0,0,0,0,0,0,0,0,033,SBB Research Group,sbbrg,sbb-research-group,1044,0,1,0,0,1,1,1,0,0,0,0,0,0,0,0,0,0,0,0,0,0,0,0,0,0,0,0,027,SHMOOP,shmoop,shmoop,880,0,0,0,0,1,1,0,1,0,0,0,0,0,0,0,0,0,0,0,0,0,0,0,0,0,0,0,039,Tata Consultancy Services,tcs,tata-consultancy-services,1253,0,0,0,0,1,1,0,1,0,0,0,0,0,0,0,0,0,0,0,0,0,0,0,0,0,1,0,040,MathWorks,mathworks,the-mathworks_2,1274,0,0,1,0,1,1,0,1,0,0,0,0,1,0,0,0,0,0,0,0,0,0,0,0,0,0,0,055,The Oilgear Company,oilgear,the-oilgear-company,1891,0,0,0,0,0,0,0,1,0,1,0,0,1,0,0,0,0,0,0,0,0,0,0,0,0,0,0,024,United Airlines,united-airlines,united-airlines,764,0,0,0,0,0,0,0,0,0,1,0,0,0,0,0,0,0,0,0,0,0,0,0,0,0,0,0,043,U.S.Navy,us-navy,us-navy,1325,1,0,0,0,0,0,0,0,0,0,0,0,0,0,0,0,0,0,0,0,0,0,0,0,0,0,0,029,VALDES ENGINEERING COMPANY,valdes,valdes-engineering-company,986,0,0,0,1,0,0,0,1,0,0,0,0,1,1,0,0,1,0,0,0,0,0,1,0,0,0,0,050,Walmart,walmart,walmart,1626,0,0,0,0,0,0,0,0,0,1,0,0,0,0,0,0,0,0,0,0,0,0,0,0,0,0,0,052,WorldQuant LLC,worldquant,worldquant-llc,1668,0,1,0,0,1,1,0,1,0,1,0,0,0,0,1,0,0,0,0,0,1,0,0,0,0,1,0,022,WILLIAM WRIGLEY JR. COMPANY,wrigley,wrigley,648,0,0,0,0,0,0,0,0,0,0,1,0,1,0,0,0,0,1,0,0,0,0,0,0,0,0,0,044,Illinois Department of Natural Resources,illinoisDNR,,1352,0,0,0,0,0,0,0,0,1,0,0,0,0,0,0,0,0,0,0,0,0,0,1,0,0,0,0,053,General Dynamics Land Systems,gdls,,1797,0,0,0,0,1,1,0,0,0,0,1,0,1,0,0,0,0,0,0,0,0,0,0,0,0,0,0,0